{
  "name": "angular-ladda",
  "version": "0.4.2",
  "homepage": "https://github.com/remotty/angular-ladda",
  "authors": [
    "Chungsub Kim <subicura@subicura.com>"
  ],
  "description": "An angular directive wrapper for Ladda.",
  "main": "dist/angular-ladda.min.js",
  "keywords": [
    "ladda",
    "loading",
    "button",
    "angular",
    "angularjs",
    "directive"
  ],
  "license": "MIT",
  "ignore": [
    "**/.*",
    "protractor.conf.js",
    "gulpfile.js",
    "bower_components",
    "node_modules",
    "test"
  ],
  "dependencies": {
    "angular": ">=1.2.0 <2.0",
    "ladda": ">=0.9.8"
  },
  "devDependencies": {
    "bootstrap": "^3.3.1",
    "angular-bootstrap": ">=0.12.0",
    "requirejs": "^2.1.18"
  },
  "_release": "0.4.2",
  "_resolution": {
    "type": "version",
    "tag": "0.4.2",
    "commit": "acaf8d149405286006c2278a31fe6407e87375a3"
  },
  "_source": "https://github.com/remotty/angular-ladda.git",
  "_target": "^0.4.2",
  "_originalSource": "angular-ladda",
  "_direct": true
}